NODE1_GUID,NODE2_GUID
GRWflr1_154,GRWflr1_156
GRWflr1_154,GRWflr1_158
GRWflr1_154,GRWflr1_160
GRWflr1_154,GRWflr1_162
GRWflr1_154,GRWflr1_164
GRWflr1_154,GRWflr1_190
GRWflr1_154,GRWflr1_STAIRS
GRWflr1_STAIRS,GRWflr1_154
GRWflr1_155,GRWflr1_168
GRWflr1_155,GRWflr1_170
GRWflr1_155,GRWflr1_172
GRWflr1_155,GRWflr1_174
GRWflr1_155,GRWflr1_176
GRWflr1_156,GRWflr1_154
GRWflr1_156,GRWflr1_158
GRWflr1_156,GRWflr1_160
GRWflr1_156,GRWflr1_162
GRWflr1_156,GRWflr1_164
GRWflr1_156,GRWflr1_182
GRWflr1_156,GRWflr1_STAIRS
GRWflr1_STAIRS,GRWflr1_156
GRWflr1_158,GRWflr1_154
GRWflr1_158,GRWflr1_156
GRWflr1_158,GRWflr1_160
GRWflr1_158,GRWflr1_162
GRWflr1_158,GRWflr1_164
GRWflr1_158,GRWflr1_182
GRWflr1_158,GRWflr1_190
GRWflr1_160,GRWflr1_154
GRWflr1_160,GRWflr1_156
GRWflr1_160,GRWflr1_158
GRWflr1_160,GRWflr1_162
GRWflr1_160,GRWflr1_164
GRWflr1_160,GRWflr1_190
GRWflr1_162,GRWflr1_154
GRWflr1_162,GRWflr1_156
GRWflr1_162,GRWflr1_158
GRWflr1_162,GRWflr1_160
GRWflr1_162,GRWflr1_164
GRWflr1_162,GRWflr1_190
GRWflr1_164,GRWflr1_154
GRWflr1_164,GRWflr1_156
GRWflr1_164,GRWflr1_158
GRWflr1_164,GRWflr1_160
GRWflr1_164,GRWflr1_162
GRWflr1_164,GRWflr1_190
GRWflr1_166A,GRWflr1_166B
GRWflr1_166A,GRWflr1_166C
GRWflr1_166A,GRWflr1_177
GRWflr1_166B,GRWflr1_166A
GRWflr1_166B,GRWflr1_166C
GRWflr1_166C,GRWflr1_166A
GRWflr1_166C,GRWflr1_166B
GRWflr1_166C,GRWflr1_168
GRWflr1_166C,GRWflr1_MAINSTAIRS
GRWflr1_168,GRWflr1_155
GRWflr1_168,GRWflr1_166C
GRWflr1_168,GRWflr1_169
GRWflr1_168,GRWflr1_170
GRWflr1_168,GRWflr1_172
GRWflr1_168,GRWflr1_174
GRWflr1_168,GRWflr1_176
GRWflr1_168,GRWflr1_190
GRWflr1_169,GRWflr1_168
GRWflr1_169,GRWflr1_170
GRWflr1_169,GRWflr1_172
GRWflr1_169,GRWflr1_174
GRWflr1_169,GRWflr1_176
GRWflr1_170,GRWflr1_155
GRWflr1_170,GRWflr1_168
GRWflr1_170,GRWflr1_169
GRWflr1_170,GRWflr1_172
GRWflr1_170,GRWflr1_174
GRWflr1_170,GRWflr1_176
GRWflr1_170,GRWflr1_190
GRWflr1_172,GRWflr1_155
GRWflr1_172,GRWflr1_168
GRWflr1_172,GRWflr1_169
GRWflr1_172,GRWflr1_170
GRWflr1_172,GRWflr1_174
GRWflr1_172,GRWflr1_176
GRWflr1_172,GRWflr1_190
GRWflr1_174,GRWflr1_155
GRWflr1_174,GRWflr1_168
GRWflr1_174,GRWflr1_169
GRWflr1_174,GRWflr1_170
GRWflr1_174,GRWflr1_172
GRWflr1_174,GRWflr1_176
GRWflr1_174,GRWflr1_190
GRWflr1_176,GRWflr1_155
GRWflr1_176,GRWflr1_168
GRWflr1_176,GRWflr1_169
GRWflr1_176,GRWflr1_170
GRWflr1_176,GRWflr1_172
GRWflr1_176,GRWflr1_174
GRWflr1_176,GRWflr1_190
GRWflr1_177,GRWflr1_166A
GRWflr1_182,GRWflr1_184
GRWflr1_182,GRWflr1_190
GRWflr1_184,GRWflr1_182
GRWflr1_184,GRWflr1_190
GRWflr1_190,GRWflr1_154
GRWflr1_190,GRWflr1_156
GRWflr1_190,GRWflr1_158
GRWflr1_190,GRWflr1_160
GRWflr1_190,GRWflr1_162
GRWflr1_190,GRWflr1_164
GRWflr1_190,GRWflr1_168
GRWflr1_190,GRWflr1_170
GRWflr1_190,GRWflr1_172
GRWflr1_190,GRWflr1_174
GRWflr1_190,GRWflr1_176
GRWflr1_190,GRWflr1_182
GRWflr1_190,GRWflr1_184
GRWflr1_190,MOORflr1_190
GRWflr1_MAINSTAIRS,GRWflr1_166C
GRWflr1_MAINSTAIRS,LEVflr1_STAIRS
LEVflr1_COURTYARD,LEVflr1_ELEVATOR1
LEVflr1_COURTYARD,LEVflr1_ELEVATOR2
LEVflr1_COURTYARD,LEVflr1_L107
LEVflr1_COURTYARD,LEVflr1_L108
LEVflr1_COURTYARD,LEVflr1_L190
LEVflr1_COURTYARD,LEVflr1_STAIRS
LEVflr1_COURTYARD,SKIR_1_COURTYARD
LEVflr1_CYBER,LEVflr1_CYBERSTAIRS
LEVflr1_CYBER,LEVflr1_L102
LEVflr1_CYBER,TOWNE_1_185
LEVflr1_CYBERSTAIRS,LEVflr1_CYBER
LEVflr1_CYBERSTAIRS,LEVflr1_L102
LEVflr1_CYBERSTAIRS,LEVflr1_L103
LEVflr1_CYBERSTAIRS,LEVflr1_L104
LEVflr1_CYBERSTAIRS,LEVflr1_L190
LEVflr1_ELEVATOR1,LEVflr1_COURTYARD
LEVflr1_ELEVATOR1,LEVflr1_ELEVATOR2
LEVflr1_ELEVATOR1,LEVflr1_L107
LEVflr1_ELEVATOR1,LEVflr1_L108
LEVflr1_ELEVATOR1,LEVflr1_STAIRS
LEVflr1_ELEVATOR2,LEVflr1_COURTYARD
LEVflr1_ELEVATOR2,LEVflr1_ELEVATOR1
LEVflr1_ELEVATOR2,LEVflr1_L107
LEVflr1_ELEVATOR2,LEVflr1_L108
LEVflr1_ELEVATOR2,LEVflr1_STAIRS
LEVflr1_L101LOW,LEVflr1_L190
LEVflr1_L102,LEVflr1_CYBER
LEVflr1_L102,LEVflr1_CYBERSTAIRS
LEVflr1_L103,LEVflr1_CYBERSTAIRS
LEVflr1_L103,LEVflr1_L104
LEVflr1_L104,LEVflr1_CYBERSTAIRS
LEVflr1_L104,LEVflr1_L103
LEVflr1_L107,LEVflr1_COURTYARD
LEVflr1_L107,LEVflr1_ELEVATOR1
LEVflr1_L107,LEVflr1_ELEVATOR2
LEVflr1_L107,LEVflr1_L107A
LEVflr1_L107,LEVflr1_L107B
LEVflr1_L107,LEVflr1_L108
LEVflr1_L107,LEVflr1_STAIRS
LEVflr1_L107A,LEVflr1_L107
LEVflr1_L107B,LEVflr1_L107
LEVflr1_L108,LEVflr1_COURTYARD
LEVflr1_L108,LEVflr1_ELEVATOR1
LEVflr1_L108,LEVflr1_ELEVATOR2
LEVflr1_L108,LEVflr1_L107
LEVflr1_L108,LEVflr1_STAIRS
LEVflr1_L190,LEVflr1_COURTYARD
LEVflr1_L190,LEVflr1_CYBERSTAIRS
LEVflr1_L190,LEVflr1_L101LOW
LEVflr1_L190,LEVflr1_STAIRS
LEVflr1_STAIRS,GRWflr1_MAINSTAIRS
LEVflr1_STAIRS,LEVflr1_COURTYARD
LEVflr1_STAIRS,LEVflr1_ELEVATOR1
LEVflr1_STAIRS,LEVflr1_ELEVATOR2
LEVflr1_STAIRS,LEVflr1_L107
LEVflr1_STAIRS,LEVflr1_L108
LEVflr1_STAIRS,LEVflr1_L190
MOORflr1_100,MOORflr1_1000
MOORflr1_100,MOORflr1_100A
MOORflr1_100,MOORflr1_100B
MOORflr1_100,MOORflr1_100C
MOORflr1_100,MOORflr1_101
MOORflr1_100,MOORflr1_102
MOORflr1_100,MOORflr1_103A
MOORflr1_100,MOORflr1_108
MOORflr1_100,MOORflr1_190
MOORflr1_100,MOORflr1_STAIRMAIN
MOORflr1_100,MOORflr1_STAIRSNORTH
MOORflr1_1000,MOORflr1_100
MOORflr1_1000,MOORflr1_100A
MOORflr1_100A,MOORflr1_100
MOORflr1_100A,MOORflr1_1000
MOORflr1_100A,MOORflr1_100B
MOORflr1_100A,MOORflr1_100C
MOORflr1_100B,MOORflr1_100
MOORflr1_100B,MOORflr1_100A
MOORflr1_100B,MOORflr1_100C
MOORflr1_100C,MOORflr1_100
MOORflr1_100C,MOORflr1_100A
MOORflr1_100C,MOORflr1_100B
MOORflr1_101,MOORflr1_100
MOORflr1_101,MOORflr1_101A
MOORflr1_101,MOORflr1_101B
MOORflr1_101,MOORflr1_101C
MOORflr1_101,MOORflr1_103A
MOORflr1_101,MOORflr1_108
MOORflr1_101,MOORflr1_190
MOORflr1_101A,MOORflr1_101
MOORflr1_101A,MOORflr1_101B
MOORflr1_101A,MOORflr1_101C
MOORflr1_101B,MOORflr1_101
MOORflr1_101B,MOORflr1_101A
MOORflr1_101C,MOORflr1_101
MOORflr1_101C,MOORflr1_101A
MOORflr1_102,MOORflr1_100
MOORflr1_102,MOORflr1_102C
MOORflr1_102,MOORflr1_102D
MOORflr1_102,MOORflr1_102E
MOORflr1_102,MOORflr1_190A
MOORflr1_102B,MOORflr1_190A
MOORflr1_102C,MOORflr1_102
MOORflr1_102C,MOORflr1_102D
MOORflr1_102C,MOORflr1_102E
MOORflr1_102C,MOORflr1_190A
MOORflr1_102D,MOORflr1_102
MOORflr1_102D,MOORflr1_102C
MOORflr1_102D,MOORflr1_102E
MOORflr1_102D,MOORflr1_190A
MOORflr1_102E,MOORflr1_102
MOORflr1_102E,MOORflr1_102C
MOORflr1_102E,MOORflr1_102D
MOORflr1_103A,MOORflr1_100
MOORflr1_103A,MOORflr1_101
MOORflr1_103A,MOORflr1_103B
MOORflr1_103A,MOORflr1_103C
MOORflr1_103A,MOORflr1_104
MOORflr1_103A,MOORflr1_108
MOORflr1_103A,MOORflr1_190
MOORflr1_103A,MOORflr1_STAIRMAIN
MOORflr1_103A,MOORflr1_STAIRSNORTH
MOORflr1_103B,MOORflr1_103A
MOORflr1_103B,MOORflr1_103C
MOORflr1_103B,MOORflr1_105
MOORflr1_103B,MOORflr1_106
MOORflr1_103B,MOORflr1_107
MOORflr1_103C,MOORflr1_103A
MOORflr1_103C,MOORflr1_103B
MOORflr1_103C,MOORflr1_105
MOORflr1_103C,MOORflr1_106
MOORflr1_103C,MOORflr1_107
MOORflr1_104,MOORflr1_103A
MOORflr1_105,MOORflr1_103B
MOORflr1_105,MOORflr1_103C
MOORflr1_105,MOORflr1_107
MOORflr1_106,MOORflr1_103B
MOORflr1_106,MOORflr1_103C
MOORflr1_106,MOORflr1_107
MOORflr1_107,MOORflr1_103B
MOORflr1_107,MOORflr1_103C
MOORflr1_107,MOORflr1_105
MOORflr1_107,MOORflr1_106
MOORflr1_108,MOORflr1_100
MOORflr1_108,MOORflr1_101
MOORflr1_108,MOORflr1_103A
MOORflr1_108,MOORflr1_190
MOORflr1_108,MOORflr1_STAIRMAIN
MOORflr1_108,MOORflr1_STAIRSNORTH
MOORflr1_190,GRWflr1_190
MOORflr1_190,MOORflr1_100
MOORflr1_190,MOORflr1_101
MOORflr1_190,MOORflr1_103A
MOORflr1_190,MOORflr1_108
MOORflr1_190,MOORflr1_STAIRMAIN
MOORflr1_190,MOORflr1_STAIRSNORTH
MOORflr1_190A,MOORflr1_102
MOORflr1_190A,MOORflr1_102B
MOORflr1_190A,MOORflr1_102C
MOORflr1_190A,MOORflr1_102D
MOORflr1_STAIRMAIN,MOORflr1_100
MOORflr1_STAIRMAIN,MOORflr1_103A
MOORflr1_STAIRMAIN,MOORflr1_108
MOORflr1_STAIRMAIN,MOORflr1_190
MOORflr1_STAIRSNORTH,MOORflr1_100
MOORflr1_STAIRSNORTH,MOORflr1_103A
MOORflr1_STAIRSNORTH,MOORflr1_108
MOORflr1_STAIRSNORTH,MOORflr1_190
MOORflr1_STAIRSNORTH,SKIR_1_190_STAIR_1
SKIR_1_113S,SKIR_1_114S
SKIR_1_113S,SKIR_1_190
SKIR_1_113S,SKIR_1_1EV2
SKIR_1_114S,SKIR_1_113S
SKIR_1_114S,SKIR_1_115S
SKIR_1_114S,SKIR_1_190
SKIR_1_114S,SKIR_1_190_STAIR_2
SKIR_1_114S,SKIR_1_1ST2
SKIR_1_114S,SKIR_1_COURTYARD
SKIR_1_115S,SKIR_1_114S
SKIR_1_190,SKIR_1_113S
SKIR_1_190,SKIR_1_114S
SKIR_1_190,SKIR_1_190_STAIR_1
SKIR_1_190,SKIR_1_190_STAIR_2
SKIR_1_190,SKIR_1_1EV1
SKIR_1_190,SKIR_1_1EV2
SKIR_1_190,SKIR_1_1ST1
SKIR_1_190,SKIR_1_1ST2
SKIR_1_190,SKIR_1_TOWNE
SKIR_1_190_STAIR_1,MOORflr1_STAIRSNORTH
SKIR_1_190_STAIR_1,SKIR_1_190
SKIR_1_190_STAIR_1,SKIR_1_190_STAIR_2
SKIR_1_190_STAIR_1,SKIR_1_1EV2
SKIR_1_190_STAIR_1,SKIR_1_1ST2
SKIR_1_190_STAIR_1,SKIR_1_TOWNE
SKIR_1_190_STAIR_2,SKIR_1_114S
SKIR_1_190_STAIR_2,SKIR_1_190
SKIR_1_190_STAIR_2,SKIR_1_190_STAIR_1
SKIR_1_190_STAIR_2,SKIR_1_1EV2
SKIR_1_190_STAIR_2,SKIR_1_1ST2
SKIR_1_190_STAIR_2,SKIR_1_1ST2
SKIR_1_190_STAIR_2,SKIR_1_TOWNE
SKIR_1_1EV1,SKIR_1_190
SKIR_1_1EV1,SKIR_1_1ST1
SKIR_1_1EV1,SKIR_1_TOWNE
SKIR_1_1EV2,SKIR_1_113S
SKIR_1_1EV2,SKIR_1_190
SKIR_1_1EV2,SKIR_1_190_STAIR_1
SKIR_1_1EV2,SKIR_1_190_STAIR_2
SKIR_1_1EV2,SKIR_1_1ST2
SKIR_1_1EV2,SKIR_1_TOWNE
SKIR_1_1ST1,SKIR_1_190
SKIR_1_1ST1,SKIR_1_1EV1
SKIR_1_1ST1,SKIR_1_TOWNE
SKIR_1_1ST2,SKIR_1_114S
SKIR_1_1ST2,SKIR_1_190
SKIR_1_1ST2,SKIR_1_190_STAIR_1
SKIR_1_1ST2,SKIR_1_190_STAIR_2
SKIR_1_1ST2,SKIR_1_190_STAIR_2
SKIR_1_1ST2,SKIR_1_1EV2
SKIR_1_1ST2,SKIR_1_COURTYARD
SKIR_1_COURTYARD,LEVflr1_COURTYARD
SKIR_1_COURTYARD,SKIR_1_114S
SKIR_1_COURTYARD,SKIR_1_1ST2
SKIR_1_COURTYARD,SKIR_1_COURTYARD_STAIRS
SKIR_1_COURTYARD_STAIRS,SKIR_1_COURTYARD
SKIR_1_TOWNE,SKIR_1_190
SKIR_1_TOWNE,SKIR_1_190_STAIR_1
SKIR_1_TOWNE,SKIR_1_190_STAIR_2
SKIR_1_TOWNE,SKIR_1_1EV1
SKIR_1_TOWNE,SKIR_1_1EV2
SKIR_1_TOWNE,SKIR_1_1ST1
SKIR_1_TOWNE,TOWNE_1_SKIRKANICH
TOWNE_1_100,TOWNE_1_108
TOWNE_1_100,TOWNE_1_109
TOWNE_1_100,TOWNE_1_118
TOWNE_1_100,TOWNE_1_STAIRSLEFT
TOWNE_1_107,TOWNE_1_107A
TOWNE_1_107,TOWNE_1_107B
TOWNE_1_107,TOWNE_1_107C
TOWNE_1_107,TOWNE_1_STAIRSLEFT
TOWNE_1_107A,TOWNE_1_107
TOWNE_1_107B,TOWNE_1_107
TOWNE_1_107B,TOWNE_1_108A
TOWNE_1_107B,TOWNE_1_108B
TOWNE_1_107C,TOWNE_1_107
TOWNE_1_108,TOWNE_1_100
TOWNE_1_108,TOWNE_1_108A
TOWNE_1_108,TOWNE_1_108B
TOWNE_1_108,TOWNE_1_109
TOWNE_1_108A,TOWNE_1_107B
TOWNE_1_108A,TOWNE_1_108
TOWNE_1_108A,TOWNE_1_108B
TOWNE_1_108B,TOWNE_1_107B
TOWNE_1_108B,TOWNE_1_108
TOWNE_1_108B,TOWNE_1_108A
TOWNE_1_108B,TOWNE_1_108C
TOWNE_1_108C,TOWNE_1_108B
TOWNE_1_109,TOWNE_1_100
TOWNE_1_109,TOWNE_1_108
TOWNE_1_109,TOWNE_1_109A
TOWNE_1_109,TOWNE_1_109B
TOWNE_1_109,TOWNE_1_110
TOWNE_1_109A,TOWNE_1_109
TOWNE_1_109A,TOWNE_1_109B
TOWNE_1_109A,TOWNE_1_110
TOWNE_1_109B,TOWNE_1_109
TOWNE_1_109B,TOWNE_1_109A
TOWNE_1_109B,TOWNE_1_110A
TOWNE_1_110,TOWNE_1_109
TOWNE_1_110,TOWNE_1_109A
TOWNE_1_110,TOWNE_1_110A
TOWNE_1_110,TOWNE_1_111
TOWNE_1_110,TOWNE_1_STAIRSMIDDLE
TOWNE_1_110A,TOWNE_1_109B
TOWNE_1_110A,TOWNE_1_110
TOWNE_1_111,TOWNE_1_110
TOWNE_1_111,TOWNE_1_113
TOWNE_1_111,TOWNE_1_STAIRSMIDDLE
TOWNE_1_112,TOWNE_1_112A
TOWNE_1_112,TOWNE_1_112C
TOWNE_1_112,TOWNE_1_112D
TOWNE_1_112,TOWNE_1_168A
TOWNE_1_112A,TOWNE_1_112
TOWNE_1_112A,TOWNE_1_112C
TOWNE_1_112A,TOWNE_1_112E
TOWNE_1_112B,TOWNE_1_STAIRSMIDDLE
TOWNE_1_112C,TOWNE_1_112
TOWNE_1_112C,TOWNE_1_112A
TOWNE_1_112D,TOWNE_1_112
TOWNE_1_112E,TOWNE_1_112A
TOWNE_1_113,TOWNE_1_111
TOWNE_1_113,TOWNE_1_113A
TOWNE_1_113,TOWNE_1_113B
TOWNE_1_113,TOWNE_1_114
TOWNE_1_113A,TOWNE_1_113
TOWNE_1_113B,TOWNE_1_113
TOWNE_1_114,TOWNE_1_113
TOWNE_1_114,TOWNE_1_119
TOWNE_1_116,TOWNE_1_116A
TOWNE_1_116,TOWNE_1_116B
TOWNE_1_116,TOWNE_1_116C
TOWNE_1_116,TOWNE_1_116D
TOWNE_1_116,TOWNE_1_164A
TOWNE_1_116,TOWNE_1_165A
TOWNE_1_116,TOWNE_1_STAIRSSMALL
TOWNE_1_116A,TOWNE_1_116
TOWNE_1_116A,TOWNE_1_116D
TOWNE_1_116A,TOWNE_1_STAIRSSMALL
TOWNE_1_116B,TOWNE_1_116
TOWNE_1_116B,TOWNE_1_116D
TOWNE_1_116B,TOWNE_1_STAIRSSMALL
TOWNE_1_116C,TOWNE_1_116
TOWNE_1_116C,TOWNE_1_116D
TOWNE_1_116C,TOWNE_1_STAIRSSMALL
TOWNE_1_116D,TOWNE_1_116
TOWNE_1_116D,TOWNE_1_116A
TOWNE_1_116D,TOWNE_1_116B
TOWNE_1_116D,TOWNE_1_116C
TOWNE_1_116D,TOWNE_1_STAIRSSMALL
TOWNE_1_118,TOWNE_1_100
TOWNE_1_119,TOWNE_1_114
TOWNE_1_119,TOWNE_1_119A
TOWNE_1_119,TOWNE_1_123
TOWNE_1_119,TOWNE_1_123A
TOWNE_1_119,TOWNE_1_123B
TOWNE_1_119A,TOWNE_1_119
TOWNE_1_123,TOWNE_1_119
TOWNE_1_123,TOWNE_1_123A
TOWNE_1_123,TOWNE_1_123B
TOWNE_1_123,TOWNE_1_123D
TOWNE_1_123,TOWNE_1_STAIRSRIGHT
TOWNE_1_123A,TOWNE_1_119
TOWNE_1_123A,TOWNE_1_123
TOWNE_1_123A,TOWNE_1_123D
TOWNE_1_123B,TOWNE_1_119
TOWNE_1_123B,TOWNE_1_123
TOWNE_1_123B,TOWNE_1_123D
TOWNE_1_123D,TOWNE_1_123
TOWNE_1_123D,TOWNE_1_123A
TOWNE_1_123D,TOWNE_1_123B
TOWNE_1_125,TOWNE_1_125A
TOWNE_1_125,TOWNE_1_STAIRSRIGHT
TOWNE_1_125A,TOWNE_1_125
TOWNE_1_127,TOWNE_1_127A
TOWNE_1_127,TOWNE_1_127B
TOWNE_1_127,TOWNE_1_127C
TOWNE_1_127,TOWNE_1_127D
TOWNE_1_127,TOWNE_1_127E
TOWNE_1_127,TOWNE_1_SKIRKANICH
TOWNE_1_127A,TOWNE_1_127
TOWNE_1_127A,TOWNE_1_127B
TOWNE_1_127A,TOWNE_1_127C
TOWNE_1_127A,TOWNE_1_127D
TOWNE_1_127B,TOWNE_1_127
TOWNE_1_127B,TOWNE_1_127A
TOWNE_1_127B,TOWNE_1_127C
TOWNE_1_127B,TOWNE_1_127D
TOWNE_1_127B,TOWNE_1_127E
TOWNE_1_127C,TOWNE_1_127
TOWNE_1_127C,TOWNE_1_127A
TOWNE_1_127C,TOWNE_1_127B
TOWNE_1_127C,TOWNE_1_127D
TOWNE_1_127D,TOWNE_1_127
TOWNE_1_127D,TOWNE_1_127A
TOWNE_1_127D,TOWNE_1_127B
TOWNE_1_127D,TOWNE_1_127C
TOWNE_1_127E,TOWNE_1_127
TOWNE_1_127E,TOWNE_1_127B
TOWNE_1_141,TOWNE_1_142
TOWNE_1_142,TOWNE_1_141
TOWNE_1_142,TOWNE_1_143A
TOWNE_1_142,TOWNE_1_143C
TOWNE_1_142,TOWNE_1_144
TOWNE_1_143A,TOWNE_1_142
TOWNE_1_143A,TOWNE_1_143C
TOWNE_1_143A,TOWNE_1_143D
TOWNE_1_143B,TOWNE_1_143C
TOWNE_1_143B,TOWNE_1_143D
TOWNE_1_143B,TOWNE_1_145
TOWNE_1_143C,TOWNE_1_142
TOWNE_1_143C,TOWNE_1_143A
TOWNE_1_143C,TOWNE_1_143B
TOWNE_1_143D,TOWNE_1_143A
TOWNE_1_143D,TOWNE_1_143B
TOWNE_1_143D,TOWNE_1_145
TOWNE_1_144,TOWNE_1_142
TOWNE_1_145,TOWNE_1_143B
TOWNE_1_145,TOWNE_1_143D
TOWNE_1_145,TOWNE_1_145A
TOWNE_1_145,TOWNE_1_145B
TOWNE_1_145,TOWNE_1_161
TOWNE_1_145,TOWNE_1_176
TOWNE_1_145,TOWNE_1_STAIRSNORTH
TOWNE_1_145A,TOWNE_1_145
TOWNE_1_145B,TOWNE_1_145
TOWNE_1_160A,TOWNE_1_161
TOWNE_1_160A,TOWNE_1_176
TOWNE_1_160A,TOWNE_1_177
TOWNE_1_161,TOWNE_1_145
TOWNE_1_161,TOWNE_1_160A
TOWNE_1_161,TOWNE_1_176
TOWNE_1_161,TOWNE_1_177
TOWNE_1_161,TOWNE_1_STAIRSNORTH
TOWNE_1_163,TOWNE_1_164A
TOWNE_1_164A,TOWNE_1_116
TOWNE_1_164A,TOWNE_1_163
TOWNE_1_164A,TOWNE_1_165A
TOWNE_1_165A,TOWNE_1_116
TOWNE_1_165A,TOWNE_1_164A
TOWNE_1_165A,TOWNE_1_STAIRSMIDDLE
TOWNE_1_166,TOWNE_1_167
TOWNE_1_166,TOWNE_1_167
TOWNE_1_166,TOWNE_1_168A
TOWNE_1_167,TOWNE_1_166
TOWNE_1_167,TOWNE_1_166
TOWNE_1_167,TOWNE_1_178
TOWNE_1_168A,TOWNE_1_112
TOWNE_1_168A,TOWNE_1_166
TOWNE_1_168A,TOWNE_1_168B
TOWNE_1_168A,TOWNE_1_169
TOWNE_1_168B,TOWNE_1_168A
TOWNE_1_168B,TOWNE_1_170A
TOWNE_1_169,TOWNE_1_168A
TOWNE_1_169,TOWNE_1_170A
TOWNE_1_170A,TOWNE_1_168B
TOWNE_1_170A,TOWNE_1_169
TOWNE_1_170A,TOWNE_1_189
TOWNE_1_176,TOWNE_1_145
TOWNE_1_176,TOWNE_1_160A
TOWNE_1_176,TOWNE_1_161
TOWNE_1_176,TOWNE_1_177
TOWNE_1_176,TOWNE_1_178
TOWNE_1_177,TOWNE_1_160A
TOWNE_1_177,TOWNE_1_161
TOWNE_1_177,TOWNE_1_176
TOWNE_1_177,TOWNE_1_178
TOWNE_1_178,TOWNE_1_167
TOWNE_1_178,TOWNE_1_176
TOWNE_1_178,TOWNE_1_177
TOWNE_1_185,LEVflr1_CYBER
TOWNE_1_185,TOWNE_1_186
TOWNE_1_185,TOWNE_1_187
TOWNE_1_185,TOWNE_1_188
TOWNE_1_185,TOWNE_1_189
TOWNE_1_185,TOWNE_1_190A
TOWNE_1_185,TOWNE_1_191
TOWNE_1_186,TOWNE_1_185
TOWNE_1_186,TOWNE_1_188
TOWNE_1_186,TOWNE_1_189
TOWNE_1_187,TOWNE_1_185
TOWNE_1_187,TOWNE_1_190A
TOWNE_1_188,TOWNE_1_185
TOWNE_1_188,TOWNE_1_186
TOWNE_1_188,TOWNE_1_189
TOWNE_1_189,TOWNE_1_170A
TOWNE_1_189,TOWNE_1_185
TOWNE_1_189,TOWNE_1_186
TOWNE_1_189,TOWNE_1_188
TOWNE_1_189,TOWNE_1_190A
TOWNE_1_190A,TOWNE_1_185
TOWNE_1_190A,TOWNE_1_187
TOWNE_1_190A,TOWNE_1_189
TOWNE_1_190A,TOWNE_1_191
TOWNE_1_190A,TOWNE_1_193
TOWNE_1_190A,TOWNE_1_195
TOWNE_1_190A,TOWNE_1_STAIRSLEFT
TOWNE_1_191,TOWNE_1_185
TOWNE_1_191,TOWNE_1_190A
TOWNE_1_193,TOWNE_1_190A
TOWNE_1_193,TOWNE_1_195
TOWNE_1_195,TOWNE_1_190A
TOWNE_1_195,TOWNE_1_193
TOWNE_1_195,TOWNE_1_STAIRSLEFT
TOWNE_1_SKIRKANICH,SKIR_1_TOWNE
TOWNE_1_SKIRKANICH,TOWNE_1_127
TOWNE_1_STAIRSLEFT,TOWNE_1_100
TOWNE_1_STAIRSLEFT,TOWNE_1_107
TOWNE_1_STAIRSLEFT,TOWNE_1_190A
TOWNE_1_STAIRSLEFT,TOWNE_1_195
TOWNE_1_STAIRSLEFT,TOWNE_1_STAIRSRIGHT
TOWNE_1_STAIRSMIDDLE,TOWNE_1_110
TOWNE_1_STAIRSMIDDLE,TOWNE_1_111
TOWNE_1_STAIRSMIDDLE,TOWNE_1_112B
TOWNE_1_STAIRSMIDDLE,TOWNE_1_165A
TOWNE_1_STAIRSMIDDLE,TOWNE_1_STAIRSNORTH
TOWNE_1_STAIRSNORTH,TOWNE_1_145
TOWNE_1_STAIRSNORTH,TOWNE_1_161
TOWNE_1_STAIRSNORTH,TOWNE_1_STAIRSMIDDLE
TOWNE_1_STAIRSRIGHT,TOWNE_1_123
TOWNE_1_STAIRSRIGHT,TOWNE_1_125
TOWNE_1_STAIRSRIGHT,TOWNE_1_STAIRSLEFT
TOWNE_1_STAIRSSMALL,TOWNE_1_116
TOWNE_1_STAIRSSMALL,TOWNE_1_116A
TOWNE_1_STAIRSSMALL,TOWNE_1_116B
TOWNE_1_STAIRSSMALL,TOWNE_1_116C
TOWNE_1_STAIRSSMALL,TOWNE_1_116D
